protein_id,domain_sequence,final_classification,protein_len_aa
Mar-01,ABD,IIA,
Mar-02,RBH,IIB,
Mar-05,"RBH,ABD,ABD,Other",Other,
Mar-06,"RBH,ABD,Other",Other,
Mar-07,"RBH,ABD,ABD,ABD,Other",Other,
Mar-11,"Other,ABD",Other,
Mar-13,"RBH,RBH,RBH,ABD,ABD",IA,
Mar-15,"Other,ABD,Other",Other,
Mar-21,"ABD,ABD,ABD,ABD,ABD,ABD,ABD,ABD,ABD,ABD,ABD,ABD",IIA,
Mar-22,"Other,ABD,Other",Other,
Mar-23,"RBH,ABD,ABD",IA,
Mar-24,RBH,IIB,
10-stadt,"MAD,RBH,ABD,ABD,ABD,ABD,ABD,ABD,ABD,ABD,ABD,ABD",IA,1552
11-stadt,"ABD,ABD,ABD",IIA,265
12-stadt,"MAD,RBH,ABD,ABD,ABD,ABD,ABD,ABD,ABD,ABD,ABD,ABD,ABD,ABD,ABD,ABD,ABD,ABD,ABD,ABD,ABD",IA,2979
13-stadt,"MAD,RBH,ABD,ABD,ABD,RBH,RBH,Other,ABD,ABD,ABD,ABD",Other,2459
14-stadt,"MAD,RBH,ABD,ABD,RBH,ABD,ABD,ABD,ABD",IB,2468
15-stadt,"ABD,Other",Other,251
16-stadt,"MAD,RBH,RBH,ABD,RBH,ABD,ABD,RBH,ABD,ABD,ABD",Other,2151
17-stadt,"MAD,RBH,ABD,ABD",IA,706
19-stadt,"MAD,RBH,RBH,ABD,ABD,ABD,ABD,ABD,ABD,ABD,ABD,ABD,ABD,ABD,ABD,ABD,ABD,ABD,ABD,ABD,ABD,ABD,ABD,ABD",IA,3356
1-stadt,"MAD,RBH,ABD",IA,816
20-stadt,"MAD,RBH,ABD,ABD,ABD,ABD,ABD,ABD,ABD,ABD,ABD",IA,1222
21-stadt,"MAD,ABD,ABD,Other,Other",Other,616
23-stadt,"MAD,RBH,Other,Other,ABD,ABD,ABD,ABD,ABD,ABD,ABD,Other",Other,1875
24-stadt,"MAD,Other,RBH,ABD,ABD",Other,727
25-stadt,"MAD,RBH,RBH,ABD,ABD,ABD,ABD,ABD",IA,1790
27-stadt,"MAD,RBH,ABD,ABD,ABD,ABD",IA,1965
28-stadt,"MAD,RBH,ABD,ABD,ABD,ABD",IA,2037
29-stadt,"MAD,RBH,ABD,RBH,ABD,ABD",IB,1519
2-stadt,"MAD,Other,ABD,ABD,ABD,ABD,ABD,Other,Other",Other,881
30-stadt,"RBH,ABD,ABD,ABD,ABD,ABD,ABD,ABD",IA,973
31-stadt,"MAD,RBH,ABD,ABD,ABD,ABD,ABD",IA,1104
32-stadt,"MAD,RBH,ABD,ABD,ABD",IA,769
33-stadt,"MAD,RBH,ABD,ABD,ABD,ABD,ABD,ABD",IA,1063
34-stadt,"MAD,RBH,ABD,ABD,ABD,ABD,ABD",IA,1311
35-stadt,"ABD,ABD,ABD,ABD,Other",Other,640
36-stadt,"MAD,RBH,ABD,ABD,ABD",IA,735
37-stadt,"MAD,RBH,ABD,ABD,ABD,ABD",IA,857
38-stadt,"MAD,ABD,ABD,ABD,ABD,ABD,ABD,RBH",IB,1140
39-stadt,"MAD,RBH,RBH,ABD,ABD,ABD,ABD,ABD,ABD,ABD,ABD,ABD",IA,1921
3-stadt,"MAD,RBH,ABD,ABD,ABD,ABD,ABD",IA,1909
40-stadt,"MAD,RBH,ABD,ABD,ABD",IA,853
41-stadt,"MAD,RBH,RBH,ABD,ABD,ABD",IA,1896
42-stadt,"MAD,Other,ABD,ABD,ABD,Other,ABD,Other,Other",Other,976
43-stadt,"MAD,RBH,ABD,Other",Other,834
44-stadt,"MAD,RBH,ABD,RBH,ABD,ABD",IB,1447
45-stadt,"MAD,RBH,RBH,ABD,ABD,ABD",IA,1324
46-stadt,"MAD,RBH,RBH,ABD,ABD,ABD,ABD,ABD,ABD,ABD,ABD,ABD,ABD,ABD,ABD,ABD",IA,2214
47-stadt,"MAD,ABD,ABD,ABD,ABD,ABD,ABD,ABD",IIA,843
5-stadt,"MAD,RBH,ABD,ABD,ABD,ABD,ABD,ABD,ABD,ABD,ABD,ABD,ABD,ABD,ABD,ABD,ABD",IA,2120
6-stadt,"MAD,RBH,ABD,RBH,ABD,RBH,ABD,RBH,ABD,ABD,ABD,ABD",IB,2774
7-stadt,"MAD,Other,ABD,ABD,ABD,ABD,ABD,ABD,ABD,ABD,ABD,ABD,ABD,ABD,ABD,ABD,ABD,ABD,ABD,ABD",Other,2036
9-stadt,"MAD,RBH,RBH,RBH,RBH,ABD,ABD,ABD,ABD",IA,2044
abm-10,"RBH,RBH,ABD,ABD,ABD",IA,1014
abm-13,"RBH,Other,ABD,ABD,Other",Other,1004
abm-15,"Other,Other,ABD,ABD,Other",Other,916
abm-16,"ABD,ABD,ABD,ABD,ABD,ABD,ABD,ABD,ABD,ABD,ABD,ABD,ABD,ABD,ABD,ABD,ABD",IIA,2615
abm-17,"RBH,ABD,RBH,ABD,ABD,ABD,ABD",IB,1450
abm-18,"RBH,Other,ABD,ABD,ABD,ABD,ABD,ABD,ABD",Other,1391
abm-19,"RBH,ABD,RBH,ABD,ABD,ABD,ABD,ABD,ABD,ABD",IB,1720
abm-2,"ABD,ABD,Other",Other,537
abm-20,"RBH,RBH,RBH,RBH",IIB,1865
abm-21,"RBH,ABD,RBH,ABD,RBH,ABD,ABD,ABD,ABD,ABD",IB,1794
abm-22,"ABD,ABD,Other",Other,558
abm-23,"ABD,ABD,ABD,ABD,ABD,Other,Other,Other",Other,1324
abm-24,"ABD,ABD,ABD,ABD,ABD",IIA,572
abm-25,"RBH,Other,ABD",Other,657
abm-26,"ABD,ABD,ABD",IIA,231
abm-27,"RBH,ABD,ABD,ABD,ABD,ABD,ABD,ABD,ABD,ABD,ABD,ABD",IA,1575
abm-28,"RBH,ABD,ABD,Other",Other,904
abm-29,"Other,Other,ABD,Other,ABD,ABD,Other,Other",Other,1464
abm-3,"Other,ABD,ABD,Other,ABD,ABD",Other,647
abm-30,"RBH,RBH,RBH,ABD,ABD,ABD",IA,1588
abm-32,"RBH,ABD,RBH,ABD,RBH,ABD,ABD,ABD,ABD",IB,1412
abm-33,"ABD,RBH,ABD",IB,722
abm-34,"Other,ABD,Other",Other,282
abm-35,"RBH,RBH,ABD,ABD,ABD",IA,1248
abm-36,"RBH,ABD,ABD,ABD",IA,636
abm-37,"RBH,ABD",IA,600
abm-4,"ABD,Other",Other,758
abm-40,"ABD,Other",Other,393
abm-6,"ABD,ABD,ABD,Other,Other",Other,439
abm-7,"ABD,ABD,ABD,ABD,ABD",IIA,596
abm-9,RBH,IIB,713
bms-10,"ABD,ABD,ABD,Other",Other,1058
bms-102,"RBH,ABD,ABD,ABD,ABD,ABD,ABD,ABD,ABD,ABD",IA,1707
bms-103,"RBH,ABD,ABD,Other,ABD,Other,ABD,ABD",Other,1584
bms-104,"RBH,RBH,ABD,Other",Other,392
bms-106,"RBH,RBH,ABD",IA,828
bms-107,"RBH,RBH,ABD,RBH,ABD,ABD,ABD",IB,1464
bms-11,"RBH,ABD,ABD,Other,ABD,ABD,ABD,ABD,ABD,ABD,ABD,ABD,ABD,ABD,Other",Other,3006
bms-110,"RBH,ABD",IA,623
bms-112,"RBH,RBH,RBH,ABD,ABD,ABD,ABD,ABD,ABD",IA,1357
bms-113,RBH,IIB,526
bms-114,"RBH,RBH,RBH,ABD,ABD,ABD,ABD,ABD,ABD",IA,1325
bms-115,"RBH,RBH,RBH,ABD,ABD",IA,1083
bms-116,"RBH,RBH,RBH,ABD,ABD,ABD,ABD,ABD,ABD,ABD",IA,1425
bms-117,ABD,IIA,350
bms-12,RBH,IIB,804
bms-121,"RBH,RBH,ABD,ABD",IA,1040
bms-123,"RBH,ABD,ABD,ABD,ABD,ABD,ABD,ABD,ABD,ABD,ABD,ABD,ABD,ABD,ABD,ABD,ABD",IA,2315
bms-126,"RBH,ABD,ABD,ABD,ABD",IA,902
bms-127,"RBH,ABD,ABD,RBH,ABD,ABD",IB,1559
bms-128,"RBH,RBH,ABD,ABD",IA,1206
bms-129,"ABD,ABD,ABD,ABD,Other,Other",Other,984
bms-131,"RBH,ABD,ABD,Other,ABD,ABD,ABD,ABD",Other,1404
bms-132,"RBH,RBH,RBH,RBH,RBH,ABD,ABD,ABD",IA,2361
bms-133,"RBH,RBH,ABD,ABD,ABD,ABD",IA,1354
bms-134,"RBH,ABD,ABD,ABD,ABD,ABD,ABD,ABD,ABD,ABD",IA,1841
bms-135,"RBH,ABD,Other",Other,891
bms-136,"Other,ABD,ABD,ABD,ABD,Other",Other,777
bms-137,RBH,IIB,469
bms-138,"RBH,RBH,ABD,ABD",IA,1183
bms-139,"ABD,ABD,ABD,ABD,Other",Other,1054
bms-14,"ABD,ABD",IIA,482
bms-140,"ABD,ABD,ABD,ABD,ABD,ABD,ABD,ABD,ABD,ABD,ABD,ABD",IIA,1225
bms-143,"RBH,RBH,ABD,ABD,Other,Other,Other,ABD,Other,ABD,Other,ABD,Other,Other,Other",Other,3005
bms-145,"RBH,RBH,RBH,RBH,RBH,RBH,RBH,RBH,RBH,RBH,ABD,RBH,ABD,ABD,ABD",Other,2005
bms-146,"ABD,Other,ABD,ABD,Other,Other",Other,851
bms-147,"RBH,ABD,ABD,ABD",IA,828
bms-148,"RBH,ABD,ABD,ABD",IA,829
bms-149,"RBH,RBH,ABD,ABD,ABD,ABD",IA,1379
bms-15,"Other,Other,ABD,ABD",Other,565
bms-150,"RBH,ABD,ABD,ABD,ABD",IA,830
bms-151,"ABD,ABD,ABD,Other",Other,594
bms-154,"RBH,ABD,RBH,RBH,RBH,ABD,ABD,ABD",Other,2472
bms-155,"RBH,ABD,RBH,ABD,RBH,ABD,RBH,RBH,ABD,ABD,ABD",IB,2536
bms-157,"ABD,ABD,ABD,Other",Other,1060
bms-160,"RBH,RBH,RBH",IIB,775
bms-162,"RBH,RBH,Other",Other,875
bms-163,"RBH,ABD,Other",Other,645
bms-165,"RBH,RBH,RBH,ABD,ABD",IA,562
bms-166,"RBH,ABD,ABD,ABD,Other,ABD,ABD,ABD",Other,1553
bms-167,"RBH,ABD,ABD,ABD",IA,780
bms-168,"RBH,ABD,ABD,Other,ABD",Other,1623
bms-169,"RBH,RBH,ABD,ABD,ABD",IA,1254
bms-17,"RBH,RBH,ABD,ABD,ABD",IA,1337
bms-170,RBH,IIB,621
bms-175,RBH,IIB,397
bms-176,"RBH,RBH,RBH,ABD,ABD,ABD,ABD,ABD,ABD,ABD,ABD,ABD",IA,2811
bms-179,"ABD,ABD,ABD,ABD,ABD,ABD,ABD,ABD,ABD,RBH",IB,1390
bms-181,"ABD,ABD,Other,Other,Other",Other,580
bms-183,"RBH,RBH,ABD,ABD,ABD",IA,987
bms-185,"ABD,ABD,ABD,ABD,ABD,ABD,RBH",IB,1139
bms-19,RBH,IIB,329
bms-190,"Other,ABD,ABD",Other,473
bms-191,"RBH,ABD,ABD",IA,367
bms-192,"RBH,ABD,RBH,ABD,ABD,ABD,ABD,ABD,ABD,ABD,ABD",IB,1612
bms-2,"RBH,RBH,RBH,ABD",IA,1130
bms-20,"RBH,ABD,Other",Other,439
bms-21,RBH,IIB,301
bms-22,RBH,IIB,424
bms-23,"RBH,ABD,ABD,ABD",IA,1032
bms-24,"Other,RBH",Other,526
bms-25,RBH,IIB,563
bms-26,"RBH,RBH,RBH",IIB,701
bms-27,"RBH,RBH",IIB,424
bms-28,"RBH,ABD",IA,850
bms-29,"RBH,ABD,ABD,ABD,ABD,ABD,ABD",IA,1464
bms-3,"RBH,ABD,ABD,ABD,ABD,ABD,ABD",IA,1036
bms-32,"RBH,ABD,ABD",IA,752
bms-33,"ABD,ABD,ABD,ABD,ABD,ABD,Other",Other,815
bms-35,"RBH,ABD,ABD,ABD",IA,904
bms-37,"RBH,ABD",IA,246
bms-38,"RBH,ABD,RBH,ABD,ABD,ABD,ABD",IB,1368
bms-39,"RBH,ABD,RBH,ABD,RBH,ABD,ABD,ABD,ABD,ABD",IB,1534
bms-4,"ABD,ABD,ABD,Other,ABD,Other,ABD,Other,ABD,Other,ABD,ABD",Other,2018
bms-41,"RBH,RBH,RBH,ABD,RBH,ABD,ABD,ABD",IA,1517
bms-43,"RBH,ABD,RBH,ABD,RBH,ABD,RBH,RBH,RBH,ABD,ABD,ABD,ABD,ABD,ABD,ABD,ABD,ABD,ABD,ABD,ABD,",IB,3614
bms-44,"RBH,RBH,Other,ABD.ABD",Other,1388
bms-45,"RBH,RBH,RBH,RBH,ABD,ABD,ABD,ABD,ABD,ABD,ABD,ABD",IA,2573
bms-46,"RBH,RBH,ABD,ABD",IA,1215
bms-47,"RBH,Other,Other,ABD,Other",Other,1073
bms-48,"RBH,ABD,ABD,ABD,ABD,ABD,Other,ABD,ABD,ABD",Other,1649
bms-5,"RBH,ABD,ABD,ABD",IA,832
bms-50,"RBH,ABD,ABD,ABD",IA,958
bms-52,"ABD,ABD,ABD,ABD,ABD,ABD",IIA,582
bms-53,"RBH,Other,Other,Other,ABD,ABD,ABD",Other,1073
bms-54,"ABD,ABD,ABD,ABD,ABD,ABD,RBH",IB,1134
bms-56,ABD,IIA,324
bms-58,"ABD,ABD,Other",Other,488
bms-6,"RBH,ABD,ABD,ABD,ABD,ABD,ABD,ABD,ABD,ABD,ABD,ABD,ABD,ABD",IA,1999
bms-60,"RBH,ABD,ABD,ABD,ABD,ABD,ABD,ABD",IA,1390
bms-61,RBH,IIB,528
bms-62,"RBH,ABD,RBH,ABD,ABD,ABD,ABD,Other",Other,1035
bms-63,"RBH,ABD,ABD,ABD,ABD,RBH,RBH,ABD,ABD,ABD,ABD,RBH,Other,ABD,ABD,ABD",Other,2326
bms-64,"RBH,RBH,ABD",IA,939
bms-65,"RBH,Other,Other,ABD,ABD,ABD",Other,1138
bms-66,"RBH,ABD,ABD,ABD,ABD,ABD,ABD,ABD,ABD,ABD,ABD,ABD",IA,1614
bms-68,"RBH,ABD,ABD,ABD,ABD",IA,657
bms-7,"RBH,ABD,RBH,ABD,ABD,ABD,Other",Other,1231
bms-70,"RBH,RBH,ABD,ABD,ABD,ABD,ABD,ABD,ABD,ABD,ABD,ABD",IA,1716
bms-71,"ABD,ABD,ABD,ABD,ABD,ABD,RBH,Other",Other,2369
bms-72,RBH,IIB,1017
bms-75,"RBH,ABD",IA,499
bms-76,"RBH,RBH,RBH,ABD,ABD,ABD,ABD,ABD,ABD,ABD,ABD,ABD,ABD,ABD,ABD,ABD,ABD",IA,2873
bms-77,"ABD,ABD,ABD,ABD,ABD,ABD,ABD,ABD,ABD,ABD,ABD,ABD,ABD,ABD,ABD,ABD,ABD,ABD,ABD,ABD,ABD,ABD,ABD,ABD,ABD,ABD,ABD,ABD,ABD,ABD,ABD,ABD,ABD,ABD,ABD,ABD,ABD,ABD,ABD,ABD,ABD,ABD,",IIA,4373
bms-78,"ABD,ABD,ABD,ABD,ABD,ABD,ABD,ABD,ABD",IIA,969
bms-79,"RBH,ABD,ABD,ABD",IA,871
bms-8,"RBH,ABD,RBH,ABD,RBH,ABD,RBH,ABD,ABD,ABD,ABD,ABD,Other",Other ,1963
bms-80,"Other,ABD,ABD",Other,539
bms-82,"RBH,RBH,RBH,RBH,ABD,ABD,ABD,ABD,ABD,ABD,ABD,ABD,ABD,ABD,ABD,ABD",IA,2489
bms-83,"RBH,ABD,ABD",IA,1091
bms-84,"ABD,ABD,ABD,ABD,ABD,ABD,ABD,ABD,ABD,ABD,ABD,RBH,ABD,ABD",IB,1859
bms-85,"ABD,ABD,ABD,ABD,ABD,ABD,ABD,ABD,ABD,ABD,ABD,RBH,ABD,ABD",IB,1843
bms-86,"ABD,ABD,ABD,ABD,ABD,ABD,ABD,ABD,ABD,ABD,ABD,RBH,ABD,ABD",IB,1855
bms-87,"RBH,ABD,ABD,ABD",IA,755
bms-88,"RBH,ABD,ABD,ABD,ABD,RBH,ABD,ABD,ABD,ABD,ABD",IB,1794
bms-89,"ABD,ABD,ABD,ABD,ABD,ABD,ABD",IIA,812
bms-9,"RBH,ABD,RBH,ABD,ABD,ABD,ABD,ABD,ABD,ABD",IB,1196
bms-91,"ABD,Other",Other,247
bms-94,"RBH,Other,Other,ABD,ABD,ABD",Other,1061
bms-95,"RBH,ABD,ABD,ABD,ABD,ABD,ABD,ABD,ABD,ABD",IA,1676
bms-96,"RBH,ABD,ABD,ABD,ABD,ABD,ABD,ABD,ABD,ABD,ABD,ABD,ABD",IA,1734
bms-97,"RBH,RBH,RBH,ABD,ABD,ABD",IA,1578
bms-99,"RBH,ABD,RBH,ABD,RBH,ABD,ABD",IB,1532
fer-10,"RBH,ABD,ABD",IA,612
fer-11,"Other,ABD",Other,403
fer-13,"ABD,ABD",IIA,275
fer-14,"ABD,ABD,Other,ABD,Other",Other,1264
fer-15,"RBH,ABD",IA,444
fer-16,"RBH,ABD,ABD,ABD",IA,682
fer-2,"RBH,ABD",IA,489
fer-4,"RBH,ABD,ABD",IA,593
fer-5,"Other,ABD",Other,437
fer-6,"Other,ABD",Other,503
fer-8,"RBH,Other,ABD",Other,824
for-1,"RBH,ABD",IA,458
for-11,"RBH,ABD,ABD",IA,479
for-17,"RBH,ABD",IA,587
for-18,"RBH,ABD",IA,856
for-19,"RBH,ABD,ABD",IA,565
for-20,"ABD,ABD,Other,ABD,ABD,RBH",Other,1051
for-22,"RBH,ABD,ABD",IA,796
for-23,RBH,IIB,338
for-25,"RBH,ABD",IA,796
for-26,"RBH,ABD",IA,673
for-3,"RBH,ABD,ABD,ABD,ABD,ABD",IA,1116
for-31,"Other,ABD,ABD,ABD,ABD,ABD,ABD,ABD,Other",Other,1272
for-34,"ABD,Other",Other,888
for-35,"RBH,ABD,ABD,ABD,ABD",IA,1106
for-7,"RBH,ABD",IA,588
for-8,"RBH,ABD,ABD,ABD,ABD",IA,900
int-1,"ABD,RBH,ABD,ABD,ABD,ABD,ABD,ABD,ABD,ABD,ABD,ABD,ABD,ABD,ABD,ABD",IB,2049
int-10,"RBH,RBH,RBH,RBH",IIB,1879
int-11,"RBH,ABD,RBH,ABD,ABD,ABD,ABD,ABD,ABD,ABD,ABD,ABD,ABD,ABD,ABD,ABD",IB,2101
int-12,"RBH,RBH,ABD,RBH,ABD,ABD,ABD,ABD,ABD,ABD,ABD",IB,1910
int-13,"ABD,Other",Other,204
int-14,"RBH,RBH",IIB,876
int-15,RBH,IIB,806
int-16,"RBH,ABD,ABD,ABD,ABD,ABD,ABD",IA,948
int-17,"ABD,ABD,ABD,ABD,Other",Other,629
int-19,"ABD,Other",Other,206
int-2,"ABD,ABD,ABD",IIA,345
int-20,"RBH,ABD,ABD,ABD,ABD,ABD,ABD,ABD,ABD,ABD,ABD,ABD,ABD,ABD,ABD,ABD",IA,1736
int-21,"RBH,ABD,RBH,ABD,ABD,ABD,Other,ABD,ABD,ABD,ABD,ABD,ABD",Other,1941
int-22,"ABD,ABD,ABD,ABD,ABD,ABD,ABD,ABD,Other,Other",Other,1112
int-23,RBH,IIB,194
int-24,"RBH,ABD,ABD,ABD,ABD,ABD,Other",Other,870
int-27,"ABD,ABD,ABD,ABD,Other",Other,543
int-28,"RBH,RBH,ABD,ABD,ABD,ABD,ABD,ABD",IA,1258
int-29,"RBH,RBH,RBH,RBH",IIB,1829
int-3,"ABD,ABD,ABD,Other",Other,561
int-30,"RBH,ABD,RBH,RBH,ABD,ABD,ABD,ABD,ABD,ABD,ABD,ABD,ABD",IIB,1704
int-31,"RBH,ABD,RBH,ABD,RBH,ABD,ABD,ABD,ABD,ABD,ABD,ABD",IB,1866
int-32,"ABD,ABD,ABD,ABD,ABD,ABD,ABD,ABD,ABD,ABD,ABD,ABD,ABD",IIA,1228
int-33,"RBH,Other,Other,ABD,ABD,ABD,ABD,ABD,ABD,ABD",Other,1454
int-34,"ABD,ABD,ABD",IIA,354
int-35,"ABD,ABD,RBH,ABD,ABD,ABD,ABD",IB,997
int-36,"RBH,ABD,RBH,ABD,RBH,ABD,ABD,RBH,ABD,ABD,ABD,ABD,ABD,ABD,ABD",IB,2535
int-37,RBH,IIB,251
int-38,"ABD,Other",Other,203
int-4,"ABD,ABD,ABD,ABD,ABD",IIA,531
int-40,"RBH,Other,ABD,ABD,ABD,ABD",Other,1074
int-41,"Other,ABD,ABD,ABD,ABD,ABD",Other,770
int-42,"RBH,ABD,ABD,ABD,ABD,ABD,ABD,ABD,ABD,ABD,ABD,ABD,ABD,ABD,ABD,ABD,ABD,ABD,ABD,ABD,ABD,ABD,ABD,ABD,ABD,ABD,ABD,ABD,ABD,ABD,ABD",IA,3951
int-43,"ABD,ABD,ABD,ABD,ABD,Other,Other,Other,Other",Other,1502
int-44,"ABD,ABD,ABD",IIA,336
int-45,"RBH,ABD,ABD,ABD,ABD,ABD,ABD,ABD,ABD,ABD",IA,1315
int-47,ABD,IIA,202
int-48,"RBH,ABD,RBH,ABD,RBH,ABD,RBH,ABD,ABD,ABD,ABD,ABD,ABD,ABD",IB,2064
int-49,"RBH,ABD",IA,608
int-5,"RBH,RBH,RBH,RBH,RBH,RBH,ABD,ABD,ABD,ABD,ABD,ABD,ABD,ABD,ABD,ABD,ABD,ABD,ABD,ABD,ABD,ABD,ABD,ABD,ABD,ABD,ABD,ABD,ABD,ABD,ABD,ABD,ABD\",IA,4963
int-50,"RBH,RBH,ABD,ABD,ABD,ABD",IA,1049
int-51,RBH,IIB,400
int-52,"ABD,ABD,ABD,ABD,Other",Other,610
int-53,"ABD,ABD,ABD,ABD,ABD,ABD,RBH,ABD,Other",Other,1618
int-54,"RBH,ABD,ABD,ABD,ABD,ABD,ABD",IA,1414
int-56,"ABD,Other",Other,225
int-57,"Other,ABD,ABD,ABD,ABD,Other",Other,1089
int-59,"RBH,ABD,RBH,ABD,RBH,ABD,RBH,ABD,RBH,ABD,RBH,ABD,RBH,ABD,ABD,ABD,ABD,ABD,ABD,ABD,ABD,ABD,ABD,ABD,ABD,ABD,ABD,ABD,ABD",IB,4614
int-60,"ABD,RBH,ABD",IB,648
int-61,"RBH,ABD,ABD,ABD,ABD",IA,774
int-62,"RBH,ABD,ABD,ABD,ABD",IA,762
int-63,"RBH,ABD,ABD,ABD,ABD,ABD",IA,831
int-64,"ABD,ABD,ABD,ABD,RBH,ABD",IB,882
int-65,"ABD,RBH,ABD,ABD,ABD,ABD,ABD,ABD,ABD,ABD,ABD,ABD,ABD,ABD,ABD,ABD",IB,1947
int-66,"RBH,ABD,RBH,ABD,RBH,ABD,RBH,ABD,ABD,ABD,ABD,RBH,ABD,ABD,ABD,ABD,ABD",IB,3036
int-67,"RBH,RBH",IIB,1173
int-68,"ABD,RBH,ABD,ABD,ABD,ABD,ABD,ABD,ABD,ABD",IB,1165
int-69,"RBH,ABD,ABD,ABD,ABD,ABD",IA,742
int-7,"RBH,ABD,ABD,ABD,ABD",IA,681
int-70,"RBH,RBH,ABD,ABD,ABD,ABD,ABD,ABD,ABD,ABD,ABD,ABD",IA,1218
int-72,"RBH,Other,ABD,ABD,ABD,ABD,ABD,ABD,ABD,ABD",Other,1525
int-73,"RBH,Other,ABD,ABD,ABD,ABD,ABD,ABD,ABD,ABD",Other,1510
int-74,RBH,IIB,748
int-75,"RBH,RBH,ABD,RBH",IB,1182
int-76,"RBH,ABD,ABD,ABD,ABD,ABD,ABD,ABD,ABD,ABD,ABD,ABD,ABD,ABD",IA,1405
int-8,"ABD,ABD,ABD,ABD,Other",Other,1055
int-9,"RBH,RBH,ABD,ABD,ABD,ABD,ABD",IA,1491
ISO3-1,"Other,ABD,ABD,ABD,Other,Other",Other,649
ISO3-10,"ABD,ABD,ABD,Other",Other,427
ISO3-11,"RBH,ABD,ABD,ABD,ABD,ABD,ABD,ABD",IA,2653
ISO3-12,"RBH,ABD,ABD",IA,640
ISO3-13,"ABD,ABD,ABD,ABD,Other",Other,625
ISO3-14,"ABD,ABD,ABD,ABD,ABD,ABD,ABD",IIA,722
ISO3-15,"RBH,ABD,ABD,ABD,ABD,ABD,ABD,ABD,ABD,ABD,ABD,ABD,ABD,ABD,ABD,ABD,ABD,ABD,ABD,ABD,ABD",IA,2288
ISO3-16,"ABD,ABD,ABD,ABD,ABD,ABD,ABD,ABD,ABD,ABD,ABD,ABD,ABD,ABD,ABD,ABD,ABD,ABD,ABD,ABD,ABD,ABD,ABD",IIA,2386
ISO3-18,"RBH,ABD,ABD,ABD,ABD,ABD,ABD,ABD,ABD,ABD,ABD,ABD,ABD,ABD,ABD,ABD,ABD,ABD,ABD,ABD,ABD,ABD,ABD,ABD,ABD,ABD,ABD,ABD,ABD,ABD,ABD,ABD,ABD,ABD,ABD,ABD,ABD,ABD,ABD,ABD,ABD,ABD,ABD,ABD",IA,4507
ISO3-19,"RBH,ABD,ABD,ABD,ABD,ABD,ABD,ABD,ABD,ABD,ABD,ABD,ABD,ABD,ABD,ABD,ABD,ABD,ABD,ABD,ABD,ABD,ABD,ABD,ABD,ABD,ABD,ABD,ABD,ABD,ABD,ABD,ABD,ABD,ABD,ABD,ABD,ABD,ABD,ABD,ABD,ABD,ABD,ABD",IA,4648
ISO3-2,"RBH,ABD,RBH,ABD,ABD,ABD,ABD,Other,ABD,ABD,ABD,ABD",Other,1742
ISO3-20,"RBH,RBH,ABD,ABD,ABD,ABD,ABD,ABD,ABD,ABD,ABD,ABD,ABD,ABD",IA,1797
ISO3-22,"Other,ABD,ABD,ABD,ABD,ABD,Other",Other,774
ISO3-24,"RBH,RBH,ABD,ABD,ABD,ABD,ABD,ABD,ABD,ABD,ABD,ABD,ABD",IA,1903
ISO3-25,"RBH,ABD,ABD,ABD,ABD,ABD",IA,913
ISO3-26,"RBH,RBH,ABD,ABD,ABD,ABD",IA,1270
ISO3-27,"RBH,ABD,Other,ABD,ABD,ABD,ABD",Other,1261
ISO3-28,"RBH,ABD,RBH,ABD,RBH,ABD,Other,ABD,ABD,ABD,ABD",Other,2280
ISO3-29,"RBH,Other,ABD,ABD,RBH,ABD,ABD,RBH,ABD,ABD,Other,ABD,ABD,ABD,ABD",Other,2566
ISO3-3,"RBH,ABD,ABD,Other,ABD,ABD,ABD,ABD",Other,1460
ISO3-30,"RBH,ABD,ABD,ABD",IA,733
ISO3-31,"RBH,ABD,ABD,ABD,ABD,ABD,ABD,ABD,ABD,ABD",IA,1939
ISO3-32,"RBH,ABD,ABD,ABD,ABD,ABD,ABD,ABD,ABD",IA,1834
ISO3-33,"ABD,ABD,ABD,ABD,ABD,ABD,ABD,ABD,ABD,ABD,ABD,ABD,ABD,ABD,ABD,ABD,ABD",IIA,1769
ISO3-34,"RBH,ABD,ABD,ABD",IA,525
ISO3-35,"RBH,RBH,ABD,ABD,Other,ABD,ABD,ABD,ABD",Other,2754
ISO3-36,"RBH,ABD,ABD,ABD,ABD,ABD,ABD",IA,955
ISO3-37,"RBH,ABD,ABD,ABD,ABD,ABD,ABD,ABD,ABD,ABD,ABD,ABD",IA,1452
ISO3-38,"RBH,ABD,ABD,Other,ABD,ABD,ABD,ABD,ABD,ABD,ABD,ABD,ABD,ABD,ABD,ABD,ABD,ABD,ABD,ABD,ABD,ABD,ABD,ABD",Other,2878
ISO3-39,"ABD,ABD,ABD,ABD,ABD,ABD,RBH",IB,1106
ISO3-40,"RBH,ABD,RBH,ABD,ABD,ABD,ABD,Other,ABD,ABD,ABD,ABD",Other,1733
ISO3-42,"Other,Other,Other,Other,Other,Other,Other,Other,Other,Other,Other,RBH,ABD,Other,ABD,ABD,ABD,ABD",Other,2090
ISO3-43,"RBH,ABD,ABD",IA,307
ISO3-44,"RBH,ABD,ABD,ABD",IA,777
ISO3-45,"ABD,ABD,Other,ABD,ABD,ABD,ABD",Other,705
ISO3-46,"RBH,ABD,ABD",IIA,332
ISO3-47,"RBH,ABD,ABD,ABD",IA,875
ISO3-5,"ABD,ABD,ABD,ABD,ABD,ABD",IIA,698
ISO3-6,"RBH,ABD,ABD,ABD",IA,736
ISO3-7,"ABD,ABD,ABD,ABD,ABD,Other",Other,883
ISO3-8,"ABD,ABD,ABD,ABD,ABD,ABD,ABD",IIA,772
ISO3-9,"ABD,ABD,ABD,ABD,ABD,ABD,ABD,ABD,ABD,ABD",IIA,1059
lac-10,RBH,IIB,658
lac-12,"ABD,ABD,Other",Other,461
lac-14,"Other,ABD",Other,645
lac-15,"RBH,ABD,ABD,ABD",IA,592
lac-16,"ABD,ABD,ABD,ABD,ABD,ABD",IIA,699
lac-17,"RBH,ABD,ABD,ABD",IA,560
lac-18,"ABD,ABD,ABD,ABD,ABD,ABD,ABD,ABD",IIA,869
lac-21,"ABD,Other",Other,317
lac-25,"ABD,Other,Other",Other,284
lac-26,"Other,ABD,ABD,ABD,ABD,ABD,ABD,ABD,ABD,ABD,ABD,ABD,ABD,ABD",Other,1497
lac-28,RBH,IIB,385
lac-29,"RBH,ABD",IA,614
lac-30,"RBH,ABD,ABD,ABD",IA,665
lac-32,"RBH,ABD,ABD,ABD",IA,861
lac-33,"Other,ABD,ABD",Other,589
lac-35,"ABD,ABD,Other,ABD",Other,358
lac-36,"RBH,ABD,ABD,ABD,ABD",IA,965
lac-38,"RBH,ABD,ABD,ABD,ABD,ABD,ABD,ABD,ABD",IA,1150
lac-39,"Other,Other,ABD,ABD",Other,572
lac-4,"RBH,ABD,ABD",IA,745
lac-41,"RBH,ABD,ABD,ABD,ABD",IA,631
lac-42,RBH,IIB,357
lac-43,"RBH,ABD,ABD,ABD",IA,950
lac-44,"ABD,ABD,ABD,ABD,ABD",IIA,567
lac-46,"RBH,ABD,ABD,ABD,ABD",IA,1040
lac-47,"RBH,ABD,Other",Other,826
lac-49,"RBH,ABD,ABD,ABD",IA,666
lac-5,"ABD,Other,ABD,ABD,ABD,ABD,ABD,ABD,ABD,ABD",Other,1295
lac-50,"RBH,ABD",IA,618
lac-51,"RBH,ABD,ABD",IA,566
lac-56,"RBH,ABD,ABD",IA,746
lac-58,"ABD,Other,Other",Other,269
lac-59,"ABD,Other,Other",Other,333
lac-6,"RBH,ABD,ABD,ABD,ABD,ABD",IA,1104
lac-60,"ABD,ABD,Other,ABD,Other,ABD,ABD,ABD,ABD,ABD,RBH,ABD,ABD,RBH,ABD,ABD,ABD,ABD,ABD,ABD,ABD,ABD,ABD",Other,2864
lac-62,"ABD,ABD,ABD",IIA,384
lac-63,"RBH,ABD,ABD,ABD,ABD,ABD,ABD,ABD",IA,970
lac-64,"RBH,ABD,ABD,ABD,ABD,ABD",IA,790
lac-65,"ABD,Other,Other",Other,308
lac-66,RBH,IIB,592
lac-67,"ABD,ABD,ABD,ABD,ABD,RBH,ABD,RBH,ABD,Other",Other,1810
lac-68,"ABD,Other,ABD,ABD,ABD,ABD,Other,ABD,ABD,ABD",Other,1308
lac-69,"ABD,Other,ABD,ABD,ABD,ABD,ABD,ABD,ABD,ABD,ABD,ABD",Other,1208
lac-7,"RBH,ABD,ABD",IA,827
lac-70,"RBH,ABD",IA,664
lac-71,"RBH,RBH,ABD,ABD,ABD",IA,673
lac-72,"RBH,ABD,ABD",IA,596
lac-8,"RBH,ABD,ABD,ABD,ABD,ABD,ABD,ABD,ABD",IA,1499
lac-9,"Other,ABD,ABD,ABD,ABD,ABD",Other,1108
mass1,"ABD,ABD,ABD,ABD,Other",Other,648
mass10,"ABD,ABD,ABD,Other,ABD,Other,Other",Other,963
mass12,"RBH,ABD,ABD,ABD,ABD,ABD,ABD,ABD",IA,1463
mass13,"RBH,ABD,Other",Other,886
mass14,"ABD,ABD,ABD,ABD,ABD,ABD,ABD,ABD,ABD,ABD,ABD",IIA,1115
mass18,"RBH,ABD,RBH,ABD,RBH,ABD,ABD,ABD,ABD,ABD,ABD",IB,1932
mass19,"ABD,ABD,Other,Other",Other,534
mass22,"Other,ABD,ABD,Other,Other",Other,596
mass23,"RBH,RBH,ABD,ABD,ABD,ABD,ABD,RBH",IB,1893
mass32,"RBH,RBH,RBH,ABD,ABD,ABD,RBH",IB,2054
mass33,"RBH,RBH,ABD,ABD,ABD,ABD,RBH",IB,1842
mass34,"RBH,RBH,ABD,ABD,ABD,RBH",IB,2094
mass35,"RBH,RBH,ABD,ABD,ABD,ABD,ABD,ABD,ABD,ABD",IA,1772
mass39,"RBH,ABD,ABD,ABD,ABD,ABD,ABD",IA,1184
mass4,"RBH,ABD,ABD,ABD,ABD",IA,840
mass40,"RBH,Other,ABD",Other,902
mass42,"ABD,ABD,ABD,ABD,RBH",IB,964
mass43,"RBH,Other,ABD,ABD,ABD",Other,1077
mass44,"RBH,Other",Other,1027
mass45,"RBH,ABD,ABD,ABD",IA,792
mass46,"RBH,Other,ABD,ABD,ABD,RBH",Other,1540
mass48,"ABD,ABD,ABD,ABD,Other",Other,666
mass49,RBH,IIB,785
mass5,"ABD,ABD,ABD,ABD,ABD,ABD,RBH",IB,1024
mass50,"ABD,ABD,ABD,ABD",IIA,340
mass51,"ABD,ABD,ABD,Other,ABD",Other,333
mass52,RBH,IIB,747
mass53,RBH,IIB,788
mass54,RBH,IIB,699
mass55,RBH,IIB,875
mass56,RBH,IIB,757
mass57,"ABD,ABD,ABD,Other,Other,ABD,Other,ABD,ABD,Other,Other,Other,Other",Other,1900
mass58,RBH,IIB,668
mass6,"RBH,RBH,ABD,ABD,ABD,ABD,RBH",IB,1856
mass60,"ABD,ABD,ABD,Other",Other,454
mass64,"RBH,ABD,ABD,ABD,ABD,ABD,ABD",IA,1063
mass7,"RBH,ABD,ABD,ABD",IA,850
mass8,"ABD,ABD,ABD",IIA,319
mass9,RBH,IIB,694
mb-12,"RBH,ABD,ABD",IA,381
mb-14,ABD,IIA,191
mb-16,"ABD,ABD,ABD,ABD,ABD,ABD,ABD",IIA,884
mb-17,"ABD,ABD,ABD,ABD,ABD,ABD,ABD,ABD,ABD,ABD",IIA,1706
mb-18,ABD,IIA,205
mb-7,"ABD,ABD,ABD",IIA,317
mb-9,"RBH,ABD",IA,674
mil-1,"RBH,ABD,ABD,ABD,ABD,ABD,ABD,ABD,ABD,ABD,ABD",IA,1897
mil-100,"ABD,ABD,ABD,ABD,ABD,ABD,ABD,Other",Other,915
mil-101,"Other,ABD,ABD,ABD,ABD,ABD",Other,753
mil-102,"RBH,ABD,ABD,ABD,RBH,RBH",IB,1758
mil-103,"RBH,ABD,ABD,ABD,ABD,ABD,ABD",IA,984
mil-104,"RBH,Other,Other,ABD,ABD,ABD,ABD,ABD,ABD,ABD,ABD,ABD,ABD,ABD,ABD,ABD,ABD",Other,1829
mil-105,"RBH,Other,Other,ABD,ABD,ABD,ABD,ABD,ABD,ABD",Other,1403
mil-107,"ABD,ABD,ABD,ABD,ABD",IIA,527
mil-12,"RBH,ABD,ABD,ABD,ABD",IA,1174
mil-13,"ABD,ABD,ABD,ABD,Other",Other,1005
mil-14,"ABD,ABD,ABD,ABD,ABD,ABD,ABD",IIA,1427
mil-15,"RBH,RBH,ABD,ABD,,ABD,ABD,ABD,ABD",IA,1489
mil-16,"RBH,Other,ABD,ABD,ABD,ABD,ABD,ABD,ABD,ABD,ABD,ABD,ABD,ABD",Other,2000
mil-17,"ABD,ABD,Other,ABD,ABD,ABD,ABD,ABD,ABD,ABD,ABD,ABD,ABD,ABD",Other,1573
mil-18,"ABD,RBH,ABD,ABD,ABD,ABD,ABD,ABD,ABD,ABD,ABD,ABD,ABD,ABD,ABD,ABD,ABD,ABD,ABD",IB,2284
mil-19,"RBH,ABD,ABD,ABD,ABD,ABD,ABD,ABD,ABD,ABD,ABD,ABD,ABD,ABD,ABD,ABD,",IIB,2040
mil-2,"RBH,ABD,ABD,ABD,ABD,ABD,ABD,ABD,ABD,ABD,ABD",IA,1857
mil-20,"ABD,ABD,ABD,ABD",IIA,515
mil-21,"RBH,ABD,ABD,ABD,ABD,ABD,ABD,ABD,ABD,ABD,ABD,ABD",IA,1861
mil-22,"RBH,ABD,ABD,ABD,ABD,ABD,ABD,ABD",IA,1050
mil-23,RBH,IIB,280
mil-25,"RBH,ABD,ABD,ABD,ABD,ABD,ABD,ABD,ABD",IA,1693
mil-26,"RBH,Other,ABD,ABD,ABD,ABD,ABD",Other,1147
mil-27,"RBH,ABD,Other",Other,1297
mil-28,"RBH,RBH,RBH,ABD,ABD,ABD,ABD,ABD,ABD,ABD,ABD,ABD,ABD",IA,3241
mil-29,"RBH,ABD,RBH,ABD,RBH,ABD,RBH,ABD,RBH,ABD,ABD,ABD,ABD,ABD,ABD,ABD,ABD,ABD,ABD,ABD,ABD,ABD,ABD,ABD,ABD,ABD,ABD,ABD,ABD,ABD,ABD,ABD,ABD",IB,4087
mil-3,"ABD,ABD,ABD,ABD,ABD,ABD,ABD,ABD,ABD",IIA,1112
mil-30,"Other,ABD,Other",Other,250
mil-31,"Other,RBH",Other,533
mil-35,"RBH,ABD,ABD,ABD,ABD,ABD,ABD,ABD,ABD,ABD,ABD,ABD",IIA,1885
mil-37,"RBH,RBH,ABD,ABD,ABD,ABD,ABD",IA,1145
mil-38,"RBH,ABD",IA,607
mil-39,"ABD,ABD,ABD,ABD,ABD,ABD,ABD,Other,Other,Other,Other",Other,1499
mil-4,"Other,ABD,ABD,ABD,ABD,ABD,ABD,ABD",Other,1661
mil-40,"ABD,Other",Other,183
mil-42,"RBH,ABD,ABD,ABD,ABD,ABD,ABD,ABD,ABD,ABD,ABD,ABD,ABD,ABD,ABD,ABD,ABD,ABD,ABD,ABD,ABD,ABD,ABD,ABD",IA,3836
mil-43,"RBH,ABD,ABD,ABD,ABD,ABD,ABD",IA,813
mil-44,"RBH,ABD,ABD,ABD,ABD,ABD,ABD,ABD,ABD,ABD,ABD,ABD,ABD,ABD,ABD,ABD,ABD,ABD,ABD,ABD,ABD,ABD,ABD,ABD,ABD,ABD,ABD,ABD,ABD,ABD,ABD,ABD,ABD,ABD,ABD,ABD,ABD,ABD,ABD,ABD,ABD,ABD,ABD,ABD,ABD",IA,4483
mil-45,"ABD,ABD,ABD,ABD",IIA,402
mil-46,"RBH,Other,Other,ABD,ABD,ABD,ABD,ABD,ABD,ABD,ABD,ABD,ABD,ABD",Other,1690
mil-48,ABD,IIA,165
mil-49,"ABD,ABD",IIA,290
mil-50,"RBH,ABD,ABD,ABD,ABD,ABD,ABD",IA,1059
mil-51,"RBH,Other,ABD,ABD,ABD,ABD,ABD,ABD,ABD,ABD,ABD",Other,1949
mil-55,ABD,IIA,222
mil-57,"RBH,ABD,Other,Other,ABD,ABD,ABD,ABD,ABD,ABD,ABD,ABD,ABD,ABD,ABD",Other,1948
mil-58,"RBH,ABD,ABD,ABD,ABD,ABD,ABD,ABD",IA,1052
mil-59,ABD,IIA,352
mil-6,"RBH,Other,ABD,ABD,ABD,ABD,ABD",Other,1199
mil-60,"RBH,ABD,ABD,ABD,ABD,ABD,ABD,Other,Other,Other",Other,1400
mil-61,ABD,IIA,152
mil-62,"ABD,ABD,ABD,ABD",IIA,386
mil-63,ABD,IIA,180
mil-64,ABD,IIA,177
mil-65,ABD,IIA,185
mil-66,"RBH,Other,ABD,ABD,ABD,ABD",Other,1117
mil-67,"ABD,ABD",IIA,180
mil-68,ABD,IIA,196
mil-69,ABD,IIA,198
mil-7,"RBH,ABD,RBH,ABD,ABD,ABD,ABD,ABD,ABD,ABD,ABD,ABD,ABD,ABD,ABD,ABD,ABD,ABD,ABD,ABD,ABD,ABD,ABD,ABD",IB,4151
mil-71,"ABD,ABD",IIA,180
mil-72,"RBH,Other,ABD,ABD,ABD,ABD,ABD,ABD,ABD,ABD,ABD,ABD,ABD,ABD",Other,2052
mil-75,"ABD,ABD",IIA,241
mil-79,"Other,ABD,ABD,ABD,ABD,ABD",Other,781
mil-8,"RBH,ABD,Other",Other,396
mil-80,ABD,IIA,194
mil-81,"Other,ABD,Other,ABD,Other,ABD,ABD,ABD,ABD,ABD",Other,1473
mil-82,"ABD,Other,Other,Other,Other,ABD,Other,ABD,ABD,ABD,ABD,ABD,ABD,ABD",Other,2608
mil-84,"RBH,ABD,RBH,ABD,RBH,ABD,ABD,ABD,ABD,ABD,RBH,ABD,ABD,ABD,ABD,ABD,ABD",IB,2727
mil-85,"RBH,ABD,RBH,ABD,ABD,ABD,ABD,ABD,ABD,ABD,ABD,ABD,ABD,ABD",IB,2355
mil-86,"RBH,RBH,RBH",IIB,1923
mil-89,"ABD,ABD,ABD,ABD,Other",Other,572
mil-9,"RBH,Other,Other,ABD,ABD,ABD",Other,1061
mil-90,"RBH,Other,ABD,ABD,ABD,Other",Other,1094
mil-92,Other,Other,535
mil-94,"RBH,Other,Other,ABD,ABD,ABD",Other,1070
mil-95,"ABD,ABD,ABD,ABD,ABD,ABD,ABD,ABD,Other,Other",Other,1131
mil-96,"ABD,ABD,RBH,ABD,ABD,ABD,ABD",IB,791
mil-97,RBH,IIB,816
mil-98,"RBH,Other,ABD,ABD,ABD,ABD,ABD,ABD,ABD,ABD,ABD,ABD,ABD,ABD",Other,1923
mil-99,"ABD,RBH,ABD,ABD,ABD,ABD,ABD,ABD,ABD,ABD,ABD,ABD,ABD,ABD,ABD,ABD,ABD,ABD,ABD,ABD",IB,2302
olle-1,"ABD,ABD,ABD,ABD,ABD,ABD",IIA,1069
olle-12,"ABD,ABD,ABD,ABD,ABD,ABD,Other,Other",Other,1037
olle-13,"RBH,ABD,ABD,ABD",IA,647
olle-14,"RBH,RBH,ABD,ABD,ABD",IA,645
olle-15,"ABD,ABD,Other",Other,506
olle-18,"ABD,ABD,ABD,ABD,Other,Other",Other,803
olle-19,"RBH,RBH,ABD,ABD,ABD",IA,624
olle-2,"RBH,ABD,ABD,ABD,ABD,ABD,ABD,RBH,ABD",IB,1505
olle-20,"RBH,ABD,ABD,ABD",IA,702
olle-21,"RBH,ABD,ABD,ABD",IA,648
olle-24,"RBH,Other,Other,ABD,ABD,ABD,ABD,ABD,ABD,ABD",Other,1290
olle-25,"ABD,ABD,ABD",IIA,277
olle-26,RBH,IIB,430
olle-27,"ABD,ABD,ABD,ABD,ABD,Other,Other",Other,1124
olle-28,"RBH,ABD,RBH",IB,1300
olle-3,"RBH,ABD,ABD,ABD",IA,696
olle-30,"RBH,ABD,ABD,ABD,ABD",IA,757
olle-31,"RBH,RBH,ABD,ABD,ABD",IA,1059
olle-32,RBH,IIB,742
olle-33,"RBH,RBH,ABD,ABD,ABD",IA,666
olle-35,"RBH,Other,ABD,ABD",Other,918
olle-38,"ABD,ABD,ABD,ABD,Other,Other,ABD",Other,672
olle-39,"ABD,ABD,ABD,ABD,ABD,ABD,ABD,ABD",IIA,925
olle-4,"RBH,ABD",IA,698
olle-40,"RBH,RBH,ABD,ABD,ABD,ABD",IA,681
olle-42,"RBH,Other,ABD,ABD,ABD",Other,1130
olle-43,"RBH,ABD,ABD,ABD,ABD,ABD,ABD,ABD",IA,1446
olle-44,"ABD,ABD,ABD,Other,Other",Other,622
olle-45,"ABD,RBH,ABD,ABD,ABD",IB,462
olle-46,"RBH,ABD,ABD,ABD,ABD",IA,684
olle-47,"RBH,ABD,ABD,ABD",IA,882
olle-49,RBH,IIB,565
olle-5,"RBH,ABD,ABD,ABD",IA,670
olle-50,"ABD,ABD,Other",Other,485
olle-51,"RBH,Other,ABD,ABD",Other,974
olle-52,"ABD,ABD,ABD",IIA,545
olle-53,"RBH,RBH,ABD,ABD,ABD,ABD",IA,691
olle-54,"ABD,ABD,ABD,Other",Other,579
olle-55,"ABD,Other,ABD,Other,ABD,Other,Other",Other,1067
olle-56,"ABD,ABD,ABD,ABD,ABD,ABD,Other",Other,981
olle-57,"ABD,ABD,ABD,ABD,ABD,ABD,Other,Other",Other,973
olle-60,"ABD,ABD,ABD",IIA,248
olle-61,RBH,IIB,415
olle-62,"ABD,ABD,ABD,Other",Other,701
olle-63,"RBH,ABD,ABD,ABD,ABD",IA,703
olle-66,RBH,IIB,777
olle-67,"RBH,ABD,ABD,ABD,ABD,ABD,ABD",IA,1023
olle-68,"RBH,RBH,ABD,ABD,ABD,ABD",IA,1219
olle-7,"ABD,ABD",IIA,314
olle-71,"ABD,Other",Other,202
olle-72,"RBH,ABD,RBH,ABD,RBH,ABD,RBH,ABD,ABD,RBH,ABD,ABD",IB,2395
olle-73,ABD,IIA,192
olle-77,"Other,ABD,ABD,Other,ABD,Other,ABD,ABD,ABD,ABD,ABD",Other,1513
olle-78,"Other,RBH,ABD,RBH,ABD,RBH,ABD,ABD,Other,ABD,ABD,ABD,ABD,ABD,ABD,ABD",Other,2564
olle-79,"RBH,ABD,ABD,ABD",IA,1515
olle-8,"ABD,ABD",IIA,267
olle-80,"RBH,RBH,ABD,ABD,ABD",IA,1085
olle-81,"RBH,RBH",IIB,1179
olle-82,"RBH,RBH,RBH,ABD,ABD,ABD,ABD",IA,1311
olle-9,"RBH,ABD,ABD,ABD,ABD",IA,702
pal-11,"RBH,ABD,ABD,ABD,ABD",IA,1079
pal-12,"RBH,ABD,ABD,ABD,ABD,ABD,Other,Other,Other,Other,RBH,ABD,RBH,Other",Other,2342
pal-13,"RBH,ABD,ABD,ABD,ABD,ABD,ABD",IA,953
pal-14,"RBH,ABD,ABD",IA,775
pal-15,"RBH,ABD,ABD,ABD,ABD,ABD",IA,936
pal-17,RBH,IIB,465
pal-18,RBH,IIB,549
pal-2,"ABD,RBH,ABD,ABD,RBH,ABD,ABD,ABD,ABD,ABD,ABD,ABD",IB,1711
pal-23,"RBH,ABD,ABD,ABD,ABD,ABD",IA,1404
pal-24,"Other,ABD,ABD,ABD,Other,Other",Other,971
pal-25,"ABD,ABD,ABD,ABD,Other",Other,626
pal-26,"RBH,ABD,Other",Other,699
pal-28,"ABD,Other,ABD,ABD,ABD,ABD,ABD,ABD,ABD,ABD",Other,1290
pal-29,"ABD,ABD,ABD,ABD,Other",Other,587
pal-3,"ABD,Other,ABD,ABD,ABD",Other,721
pal-30,"RBH,ABD,RBH,ABD,ABD,ABD,Other",Other,1072
pal-35,"RBH,ABD,ABD,ABD,ABD,Other",Other,1042
pal-36,"Other,ABD,ABD,ABD,ABD,Other",Other,946
pal-38,"RBH,ABD",IA,615
pal-39,"RBH,ABD,ABD,ABD,ABD",IA,768
pal-4,"Other,ABD,ABD,ABD,ABD,Other,ABD,ABD,ABD,ABD,ABD",Other,1453
pal-40,"Other,ABD,ABD,ABD,ABD,ABD",Other,880
pal-41,RBH,IIB,314
pal-7,"ABD,ABD,RBH,RBH,RBH",IB,1917
ru1,"RBH,ABD,ABD",IA,745
ru10,"Other,Other,Other,RBH,RBH",Other,1001
ru100,"RBH,ABD,ABD,ABD,ABD,ABD,ABD,ABD,ABD,ABD,ABD,ABD,ABD,ABD,ABD,ABD,ABD,ABD,ABD,ABD,ABD",IA,3053
ru101,"ABD,ABD",IIA,184
ru102,RBH,IIB,398
ru103,RBH,IIB,356
ru105,"ABD,RBH,ABD,RBH,ABD,RBH,ABD,ABD,ABD,ABD,ABD,ABD,ABD,ABD,ABD,ABD",IB,2255
ru108,"ABD,Other,ABD,ABD,ABD",Other,645
ru109,"ABD,ABD,ABD,ABD,ABD,ABD,ABD,ABD,ABD,ABD,ABD,ABD,ABD,ABD,ABD,ABD",IIA,1498
ru11,"RBH,Other,Other,ABD,ABD,ABD,ABD",Other,1178
ru110,"RBH,RBH,RBH,RBH,RBH,Other,ABD,ABD,ABD",Other,3176
ru111,"Other,ABD,Other,Other,ABD,Other,ABD,Other,Other,ABD,ABD",Other,1805
ru112,"Other,RBH,Other,Other,ABD,Other,ABD,Other,Other,Other,ABD,Other,ABD,Other,Other,RBH,ABD,ABD",Other,3451
ru113,"RBH,RBH,ABD,Other,RBH,ABD,ABD,ABD",Other,1370
ru114,"RBH,RBH",IIB,1164
ru115,"RBH,ABD,ABD,ABD,RBH,RBH,ABD,ABD",IB,1684
ru116,"RBH,RBH,ABD,RBH,RBH,RBH,RBH,RBH,ABD,ABD",IB,2968
ru117,"RBH,RBH,RBH,ABD,ABD",IA,1471
ru12,"ABD,ABD,ABD,ABD,ABD,ABD,ABD,ABD,ABD",IIA,972
ru122,RBH,IIB,501
ru123,"RBH,Other,ABD,ABD,ABD,ABD,ABD,ABD,ABD,ABD,ABD,ABD,ABD,ABD,ABD,ABD,ABD",Other,3079
ru124,RBH,IIB,363
ru13,"ABD,ABD,ABD,ABD,ABD,ABD,ABD,ABD,RBH,ABD,ABD,ABD,ABD,ABD,ABD,ABD,ABD,ABD",IB,2201
ru14,"ABD,ABD,ABD,ABD,ABD,ABD,ABD,ABD,ABD,ABD,ABD,ABD,ABD,ABD,ABD,ABD,ABD,ABD,ABD,ABD,ABD,ABD,ABD,ABD,ABD,ABD,ABD,ABD,ABD",IIA,3053
ru15,"RBH,ABD,ABD,ABD,ABD,ABD,ABD,ABD,ABD,ABD",IA,1186
ru16,"ABD,Other",Other,202
ru17,"ABD,ABD,ABD,ABD,ABD,ABD,ABD,ABD",IIA,840
ru18,"ABD,ABD",Other,279
ru19,"RBH,ABD,RBH,ABD,RBH,ABD,RBH,ABD,RBH,ABD,RBH,ABD,RBH,ABD,RBH,ABD,ABD,ABD,ABD,ABD,ABD,ABD,ABD,ABD,ABD",IB,4825
ru2,"RBH,Other,ABD,ABD,ABD,ABD",Other,1281
ru20,"RBH,ABD,RBH,ABD,RBH,Other,ABD",IIA,2676
ru21,"RBH,ABD,RBH,ABD,RBH,ABD,RBH,ABD,RBH,ABD,RBH,ABD,RBH,ABD,ABD,ABD,ABD,ABD,ABD,ABD,ABD",IB,3391
ru22,"RBH,ABD",IA,687
ru23,"RBH,Other,ABD,ABD",Other,1094
ru24,"ABD,ABD,ABD,ABD,ABD,ABD,ABD,ABD,ABD",IIA,1058
ru25,"RBH,Other,Other,ABD,ABD",Other,1100
ru26,"RBH,ABD,ABD,ABD,ABD",IA,787
ru27,"RBH,ABD,ABD,ABD,ABD,ABD,RBH,ABD",IB,1395
ru28,"Other,ABD,Other,Other",Other,1102
ru3,ABD,IIA,406
ru30,"RBH,ABD,ABD,ABD",IA,686
ru31,"RBH,ABD",IA,696
ru32,"RBH,ABD,ABD,ABD",IA,540
ru33,"RBH,ABD,RBH,ABD,RBH,ABD,ABD,ABD,ABD,Other,Other,ABD,ABD",Other,2309
ru34,"ABD,RBH,ABD,ABD,ABD,ABD,ABD,ABD,ABD,ABD,ABD",IB,1435
ru35,RBH,IIB,463
ru36,"RBH,ABD,ABD,ABD,ABD,ABD,ABD,ABD,ABD,ABD,ABD",IA,1391
ru39,"ABD,ABD",IIA,201
ru4,"RBH,Other,Other,ABD,RBH,ABD,ABD,ABD",Other,2004
ru40,"ABD,ABD,ABD,ABD,Other,Other,Other",Other,815
ru42,"RBH,ABD,Other",Other,987
ru43,RBH,IIB,952
ru44,"ABD,ABD,ABD,ABD,ABD,ABD,ABD,ABD,ABD,ABD,ABD,ABD,ABD,RBH,ABD,Other",Other,2575
ru47,"RBH,RBH,RBH,Other,Other,ABD,ABD",Other,1262
ru49,"RBH,Other,Other,ABD,ABD",Other,1093
ru5,"ABD,ABD,ABD,ABD,ABD,ABD,ABD,ABD,ABD,ABD,ABD",IIA,1471
ru50,"RBH,RBH",IIB,735
ru51,"ABD,Other",Other,225
ru52,"RBH,RBH,RBH,RBH",IIB,1297
ru54,"ABD,ABD,ABD,ABD,Other,Other",Other,782
ru55,"RBH,Other,Other,Other,ABD,ABD,ABD,ABD,ABD,ABD",Other,2879
ru56,"RBH,Other,Other,ABD,ABD,ABD,ABD",Other,1325
ru57,"RBH,Other,Other,ABD,ABD",Other,2065
ru58,"RBH,RBH",IIB,837
ru6,RBH,IIB,325
ru60,"RBH,ABD,ABD,ABD,ABD,ABD,ABD,ABD,ABD,ABD,ABD,ABD,ABD,ABD,ABD,ABD,ABD,ABD,ABD,ABD,ABD,ABD,ABD,ABD,ABD",IA,4929
ru61,"ABD,ABD,ABD,ABD,ABD,ABD,ABD,ABD,ABD,ABD,ABD,ABD,ABD,ABD,ABD,ABD,ABD,ABD,ABD,ABD,ABD,ABD,ABD,ABD,ABD,ABD,ABD,ABD",IIA,2719
ru62,"ABD,ABD,Other,ABD,Other",Other,827
ru64,"RBH,RBH,ABD,RBH",IB,1490
ru65,"RBH,ABD,ABD,ABD,ABD,ABD,ABD,ABD",IA,2201
ru66,"RBH,ABD,RBH,ABD,RBH,ABD,RBH",IB,2917
ru69,"RBH,ABD,ABD,ABD,ABD,ABD",IA,893
ru7,RBH,IIB,365
ru70,"RBH,ABD,ABD,ABD",IA,757
ru71,"ABD,ABD,ABD,ABD,ABD",IIA,638
ru72,"ABD,ABD,ABD,ABD,Other,ABD",Other,689
ru73,"RBH,ABD,ABD,ABD,ABD,ABD,ABD,ABD,ABD,ABD,ABD,ABD",IA,2416
ru74,"RBH,ABD,RBH",IB,1351
ru75,"RBH,ABD,ABD,ABD,ABD,ABD,ABD,ABD,ABD,ABD",IA,1539
ru76,"RBH,ABD,ABD,ABD,ABD,ABD,ABD",IA,1686
ru77,"RBH,ABD",IA,861
ru78,"RBH,RBH,Other",Other,1479
ru79,RBH,IIB,244
ru8,"RBH,RBH,RBH",IIB,638
ru80,RBH,IIB,370
ru82,RBH,IIB,302
ru83,"RBH,ABD,ABD,Other",Other,468
ru84,"ABD,ABD,ABD,ABD,Other,Other",Other,747
ru85,ABD,IIA,244
ru87,"RBH,ABD,ABD,ABD",IA,613
ru88,"Other,ABD,ABD,Other",Other,985
ru89,"ABD,ABD,ABD,ABD",IIA,480
ru9,"ABD,Other,RBH",Other,449
ru90,RBH,IIB,500
ru91,"ABD,ABD,Other",Other,481
ru92,"RBH,ABD,ABD,ABD,ABD",IA,960
ru93,"ABD,ABD,ABD,Other",Other,482
ru94,"ABD,ABD,ABD,Other,ABD,Other,Other",Other,1010
ru95,"ABD,ABD,RBH,ABD,ABD,ABD,ABD,ABD,ABD,ABD",IB,1298
ru96,ABD,IIA,285
ru97,"RBH,ABD,ABD",IA,617
ru98,"ABD,ABD,Other",Other,555
ru99,"ABD,ABD,ABD,ABD,ABD,ABD,Other,Other",Other,998
smithii-1,"MAD,ABD,ABD,ABD,MAD",IIA,354
smithii-10,"MAD,ABD,ABD,ABD,ABD,ABD,ABD,Other,Other,Other,Other",Other,1496
smithii-11,"MAD,ABD,ABD,ABD",IIA,336
smithii-13,"MAD,RBH,ABD,RBH,ABD,RBH,ABD,RBH,ABD,ABD,ABD,ABD,ABD,ABD,ABD",IB,2065
smithii-14,"MAD,RBH,ABD,MAD",IA,592
smithii-15,"MAD,RBH,RBH,ABD,ABD,ABD,ABD",IA,1049
smithii-18,"MAD,RBH,ABD,ABD,ABD,ABD,ABD,ABD,MAD",IA,1414
smithii-2,"MAD,MAD,ABD,ABD,RBH,ABD,ABD,ABD,ABD",IB,1022
smithii-20,"MAD,RBH,ABD,ABD,ABD,ABD,ABD",IA,1026
smithii-22,"MAD,RBH,ABD,RBH,ABD,RBH,ABD,RBH,ABD,RBH,ABD,RBH,ABD,ABD,ABD,ABD,ABD,ABD,ABD,ABD,ABD",IB,3684
smithii-23,"MAD,ABD,ABD,ABD,ABD,ABD,ABD,ABD,ABD,Other,Other",Other,1112
smithii-24,"MAD,RBH,MAD",IIB,755
smithii-25,"MAD,RBH,ABD,ABD,ABD,ABD,ABD,ABD,ABD,ABD,ABD,ABD,ABD,ABD,ABD,ABD,ABD",IA,1730
smithii-26,"MAD,ABD,Other",Other,202
smithii-27,"MAD,ABD,ABD,ABD,ABD,Other",Other,620
smithii-28,"MAD,RBH,ABD,ABD,ABD,ABD,ABD,ABD",IA,951
smithii-29,"MAD,RBH,MAD",IIB,796
smithii-3,"RBH,ABD,RBH,RBH,RBH,ABD,ABD,ABD,ABD,ABD,ABD,ABD",IB,2530
smithii-30,"MAD,RBH,RBH,ABD,RBH,ABD,ABD,ABD,ABD,ABD,ABD,ABD",IB,1941
smithii-31,"MAD,RBH,RBH,ABD,RBH,ABD,ABD,ABD,ABD,ABD,ABD,ABD",IB,1909
smithii-32,"MAD,RBH,ABD,RBH,ABD,ABD,ABD,ABD,ABD,ABD,ABD,ABD,ABD,ABD,ABD,ABD,ABD",IB,2101
smithii-33,"MAD,RBH,RBH,RBH,Other,RBH,MAD",Other,1879
smithii-34,"MAD,RBH,RBH,ABD,ABD,ABD,ABD,ABD,ABD",IA,1491
smithii-35,"MAD,ABD,ABD,ABD,ABD,Other,MAD",Other,1055
smithii-36,"RBH,RBH,RBH,RBH,RBH,RBH,RBH,ABD,ABD,ABD,ABD,ABD,ABD,ABD,ABD,ABD,ABD,ABD,ABD,ABD,ABD,ABD,ABD,ABD,ABD,",IA,4691
smithii-37,"MAD,ABD,ABD,ABD,ABD,ABD",IIA,532
smithii-38,"MAD,ABD,RBH,ABD,ABD,ABD,ABD,ABD,ABD,ABD,ABD,ABD,ABD,ABD,ABD,ABD,ABD",IB,2036
smithii-39,"MAD,RBH,Other,ABD,ABD,ABD,ABD,ABD,ABD,ABD",Other,1430
smithii-4,"MAD,RBH,MAD",IIB,251
smithii-40,"MAD,RBH,ABD,ABD,ABD,ABD,ABD,ABD,RBH,ABD",IB,1370
smithii-41,"MAD,RBH,ABD,ABD,ABD,ABD",IA,767
smithii-42,"MAD,ABD,RBH,ABD,MAD",IB,649
smithii-44,"MAD,ABD,ABD,ABD,ABD,ABD,ABD,ABD",IIA,1152
smithii-45,"ABD,ABD,ABD,ABD,ABD,ABD,ABD,ABD,ABD,ABD,ABD,ABD,ABD,ABD,ABD,ABD,ABD,ABD,MAD",IIA,2709
smithii-46,"ABD,ABD,ABD,ABD,ABD,Other",Other,612
smithii-47,"MAD,RBH,ABD,RBH,ABD,ABD,ABD,ABD,Other,ABD,ABD,ABD,ABD,ABD,ABD,ABD",Other,2193
smithii-48,"MAD,RBH,RBH,ABD,ABD,ABD,ABD,ABD,ABD",IA,1262
smithii-49,"MAD,RBH,RBH,RBH,RBH,MAD",IIB,1831
smithii-5,"MAD,ABD,Other",Other,203
smithii-50,"MAD,RBH,ABD,RBH,ABD,ABD,ABD,ABD,ABD,ABD,ABD,ABD,ABD",IB,1702
smithii-51,"MAD,RBH,ABD,RBH,ABD,RBH,ABD,ABD,ABD,ABD,ABD,ABD,ABD",IB,1884
smithii-53,ABD,IIA,203
smithii-54,"Other,ABD,ABD,ABD,ABD,ABD,ABD,ABD,ABD",Other,748
smithii-55,"MAD,Other,ABD,ABD,Other,ABD,ABD,ABD,ABD,ABD",Other,1007
smithii-56,"RBH,Other,Other,ABD,ABD,ABD,ABD",Other,1434
smithii-57,ABD,IIA,156
smithii-8,"MAD,Other,ABD,ABD,ABD,ABD,ABD",Other,770
smithii-9,"MAD,RBH,ABD,ABD,ABD,ABD,ABD,ABD,ABD,ABD,ABD,ABD,ABD,ABD,ABD,ABD,ABD,ABD,ABD,ABD,ABD,ABD",IA,2879
therm-12,"Other,ABD",Other,310
therm-15,"Other,ABD,ABD,RBH,RBH,ABD,ABD,Other,ABD,ABD,ABD,Other",Other,1755
therm-16,"Other,ABD",Other,446
therm-17,"RBH,ABD,ABD,Other",Other,574
therm-2,"Other,ABD,Other",Other,837
therm-22,"Other,Other,Other",Other,575
therm-24,"ABD,ABD,ABD,ABD,ABD,ABD,ABD,ABD,ABD,ABD,ABD,ABD",IIA,1474
therm-3,"Other,ABD,Other",Other,840
therm-31,"RBH,ABD",IA,674
bms-11,"RBH,RBH,RBH,OTHER,OTHER,RBH,OTHER,RBH,RBH,OTHER,OTHER,RBH,ABD,RBH,OTHER,RBH,ABD,OTHER,OTHER,OTHER,OTHER,OTHER,ABD,OTHER,OTHER,OTHER,OTHER",Other,NA
bms-17,"RBH,RBH,RBH,RBH,RBH,RBH,RBH,RBH,RBH,RBH,OTHER,RBH,RBH,OTHER,OTHER,RBH,OTHER,OTHER,OTHER,OTHER,RBH,OTHER,OTHER,OTHER,ABD,OTHER,OTHER",IA,NA
bms-29,"RBH,OTHER,RBH,RBH,RBH,RBH,RBH,ABD,ABD,ABD,RBH,ABD,RBH,ABD,ABD,ABD,ABD,ABD,ABD,ABD,ABD",IA,NA
bms-38,"RBH,RBH,RBH,RBH,RBH,RBH,RBH,RBH,OTHER,ABD,ABD,ABD,ABD,ABD,ABD,ABD,ABD,ABD,ABD",IB,NA
bms-39,"RBH,RBH,OTHER,RBH,RBH,RBH,ABD,RBH,ABD,ABD,ABD,ABD,ABD,ABD,ABD,ABD,ABD,ABD,ABD,ABD",IB,NA
bms-4,"RBH,OTHER,OTHER,OTHER,RBH,OTHER,OTHER,OTHER,OTHER,OTHER,OTHER,OTHER,ABD,ABD,ABD,OTHER,OTHER,OTHER,OTHER,ABD,OTHER,OTHER,OTHER,ABD,OTHER,OTHER",IIB,NA
bms-43,"RBH,RBH,RBH,RBH,RBH,RBH,RBH,RBH,ABD,RBH,OTHER,RBH,ABD,ABD,RBH,ABD,OTHER,OTHER,ABD,OTHER,ABD,ABD",IB,NA
bms-44,"RBH,RBH,RBH,RBH,RBH,ABD,ABD,ABD,RBH,ABD,ABD,ABD,ABD,RBH,ABD,ABD",Other,NA
bms-45,"RBH,RBH,RBH,RBH,RBH,RBH,RBH,RBH,RBH,RBH,ABD,ABD,ABD,ABD,ABD,ABD,ABD,ABD,OTHER,ABD,ABD,ABD,ABD,ABD,ABD,ABD,ABD,ABD,ABD",IA,NA
bms-48,"RBH,RBH,RBH,RBH,RBH,RBH,ABD,ABD,ABD,ABD,ABD,ABD,ABD,ABD,ABD,ABD",IA,NA
bms-6,"RBH,ABD,RBH,ABD,RBH,RBH,RBH,RBH,ABD,OTHER,ABD,RBH,OTHER,ABD,ABD,ABD,ABD",IA,NA
bms-60,"RBH,OTHER,OTHER,OTHER,RBH,RBH,RBH,RBH,RBH,RBH,RBH,RBH,RBH,ABD,RBH,RBH,RBH,ABD,ABD,ABD,RBH,ABD,ABD,RBH,ABD,ABD,ABD,ABD,ABD",IA,NA
bms-63,"RBH,RBH,RBH,RBH,RBH,ABD,RBH,RBH,RBH,RBH,ABD,ABD,ABD,ABD,ABD,ABD,ABD,ABD,ABD,ABD",Other,NA
bms-66,"RBH,OTHER,RBH,OTHER,OTHER,RBH,ABD,ABD,ABD,ABD,ABD,ABD",IA,NA
bms-68,"OTHER,RBH,ABD,RBH,ABD,ABD,RBH,ABD,ABD,ABD,ABD,ABD,ABD,ABD,ABD,ABD",IA,NA
bms-70,"RBH,RBH,RBH,OTHER,RBH,RBH,RBH,RBH,RBH,RBH,RBH,RBH,ABD,RBH,ABD,ABD,ABD",IA,NA
bms-71,"RBH,RBH,RBH,OTHER,OTHER,ABD,ABD,ABD,ABD,ABD,RBH,ABD,ABD,ABD,ABD,ABD,ABD,ABD,ABD,ABD,ABD,ABD,ABD",Other,NA
bms-76,"RBH,RBH,RBH,RBH,RBH,RBH,RBH,RBH,RBH,RBH,RBH,RBH,RBH,RBH,RBH,RBH,RBH,ABD,RBH,ABD,RBH",IA,NA
bms-77,"RBH,RBH,RBH,RBH,RBH,RBH,RBH,RBH,RBH,ABD,ABD,RBH,OTHER,ABD,OTHER,ABD,ABD,ABD",IIA,NA
bms-8,"RBH,RBH,RBH,RBH,RBH,RBH,RBH,RBH,RBH,RBH,ABD,ABD,ABD,ABD,ABD,ABD,ABD,ABD,ABD",IB,NA
bms-82,"RBH,RBH,RBH,RBH,RBH,RBH,RBH,RBH,RBH,RBH,RBH,RBH,ABD,RBH,RBH,RBH,RBH,ABD,RBH,RBH,OTHER,ABD,ABD,ABD",IA,NA
bms-84,"RBH,RBH,RBH,OTHER,RBH,RBH,RBH,RBH,RBH,RBH,OTHER,OTHER,OTHER,ABD,ABD,ABD,ABD",IB,NA
bms-85,"RBH,ABD,RBH,ABD,RBH,RBH,ABD,RBH,ABD,ABD,ABD,ABD",IB,NA
bms-86,"RBH,RBH,RBH,OTHER,RBH,RBH,OTHER,RBH,RBH,ABD,ABD,ABD,ABD,ABD,ABD",IB,NA
bms-88,"RBH,RBH,RBH,RBH,RBH,ABD,ABD,ABD,ABD,ABD,ABD",IB,NA
bms-95,"RBH,RBH,RBH,RBH,ABD,ABD,ABD,ABD,ABD,ABD,ABD,ABD",IA,NA
mil-2,"RBH,RBH,RBH,RBH,RBH,RBH,RBH,RBH,ABD,ABD,ABD",IA,NA
